{
    "Brno": [
        49.19564,
        16.60895
    ],
    "Jihlava": [
        "49.39933",
        "15.58344"
    ],
    "Prague": [
        50.08144,
        "14.424088"
    ],
    "Beroun": [
        "49.964855",
        14.07005
    ],
    "Hradec Kralove": [
        "50.20604",
        "15.83271"
    ]
}